id,source,languaje,text,task1
1,twitter,es,RT @CesarAcunaP: Es necesario monitorear los avances del gobierno respecto a la lucha contra la pandemia. @Peru_APP es un partido que prop‚Ä¶,noAcoso
2,twitter,es,"RT @CesarAcunaP: En la reuni√≥n, los dirigentes y congresistas estamos analizando las #10PropuestasParaElProgreso que entregamos al presiden‚Ä¶",noAcoso
3,twitter,es,"RT @CarmenOmonte: Reunidos para trabajar por el pa√≠s por todos los peruanos, con @CesarAcunaP , @BancadaAPP y dirigentes de @Peru_APP en T‚Ä¶",noAcoso
4,twitter,es,RT @CesarAcunaP: En Trujillo estamos junto a la dirigencia y la @BancadaAPP para fijar los lineamientos y directrices del accionar pol√≠tic‚Ä¶,noAcoso
5,twitter,es,@CesarAcunaP y ya decia yo de donde tanta plata de la coca con los sanchez paredes @gvillasis y x q no investigas‚Ä¶ https://t.co/xPZsnl14gF,noAcoso
6,twitter,es,"@CesarAcunaP @BancadaAPP @Peru_APP Qu√© ha echo este partido por detener el Covid19.???
Qu√© ha echo por detener el g‚Ä¶ https://t.co/2ZyPCEpZLB",noAcoso
7,twitter,es,@CesarAcunaP @BancadaAPP @Peru_APP Y que fue sobre la devoluci√≥n de AFP somos millones de aportantes y ex aportante‚Ä¶ https://t.co/4D9tkxfHJj,noAcoso
8,twitter,es,"@CesarAcunaP @BancadaAPP @Peru_APP Estimado Cesar, podr√≠a triunfar tu partido si haces una limpieza al interno,caig‚Ä¶ https://t.co/8PJD6RyEWu",noAcoso
9,twitter,es,"En la reuni√≥n, los dirigentes y congresistas estamos analizando las #10PropuestasParaElProgreso que entregamos al p‚Ä¶ https://t.co/0UsVgSL5rX",noAcoso
10,twitter,es,En Trujillo estamos junto a la dirigencia y la @BancadaAPP para fijar los lineamientos y directrices del accionar‚Ä¶ https://t.co/EdaqO3Wp4r,noAcoso
11,twitter,es,Extiendo mi solidaridad con el fundador de @podemos_peru Jos√© Luna G√°lvez y con su familia. Le deseo una pronta recuperaci√≥n.,noAcoso
12,twitter,es,"RT @JovenesMorados_: Frente al desempleo por la pandemia, muchos j√≥venes, sobre todo mujeres, encaran esta situaci√≥n creando sus propios em‚Ä¶",noAcoso
13,twitter,es,"RT @ZENAIDASOLISG: Por fin el Per√∫ tendr√° una LEY ANTIMONOPOLIO. Este es un d√≠a hist√≥rico. A partir de ahora, las grandes fusiones empresar‚Ä¶",noAcoso
14,twitter,es,@julioguzmanperu ahi te hablan https://t.co/FQRNtmYuns,noAcoso
15,twitter,es,@julioguzmanperu @partidomorado https://t.co/s0m5MUEPRK,noAcoso
16,twitter,es,@julioguzmanperu @partidomorado Me cago en estos j√≥venes ignorantes carajo nunca hablaron con sus padres solo con‚Ä¶ https://t.co/hmDBXUVGmq,acoso
17,twitter,es,@julioguzmanperu @partidomorado Hijos de la gran P vende patria no jodan ya est√°. Rechazado carajo el Peru nuestra‚Ä¶ https://t.co/Xs6Cdg6gW1,acoso
18,twitter,es,RT @Pulmon_de_Susan: @julioguzmanperu @partidomorado Oe @julioguzmanperu! Este no era tu pata y un ‚Äúpilar t√©cnico‚Äù del Acuerdo de Escaz√∫?‚Ä¶,noAcoso
19,twitter,es,"RT @partidomorado: El Partido Morado cuenta con m√°s de 150 t√©cnicos, de decenas de disciplinas, que integran el equipo de Plan de Gobierno.‚Ä¶",noAcoso
20,twitter,es,"RT @JovenesMorados_: Ma√±ana, a las 7pm, tenemos #ViernesRepublicanos sobre 'Impacto del cambio clim√°tico en el proyecto republicano'. Los i‚Ä¶",noAcoso
21,twitter,es,"RT @GloriaMonteneg: .@partidomorado #Pol√≠ticaDeLaBuena la vida pol√≠tica y el ejercicio del poder para fortalecer la democracia, para la b√∫‚Ä¶",noAcoso
22,twitter,es,RT @BettySchaper1: Grandiosa la CONEXION MORADA realizada esta noche por el @partidomorado hubo un total de 1000 participantes incluido los‚Ä¶,noAcoso
23,twitter,es,RT @GloriaMonteneg: .@partidomorado Visi√≥n pa√≠s que integra y articula todos los sectores program√°ticos para el desarrollo del pa√≠s! Tiempo‚Ä¶,noAcoso
24,twitter,es,@partidomorado @julioguzmanperu @FSagasti Si quieren ganar deber√≠an elegir otro representante pero sino se puede un‚Ä¶ https://t.co/eTMsoSlETI,noAcoso
25,twitter,es,"RT @Luzdiazn: @partidomorado @julioguzmanperu @FSagasti Si Julio Guzm√°n ama al Per√∫ como dice, que ceda la candidatura presidencial a F. Sa‚Ä¶",noAcoso
26,twitter,es,RT @mico_viejo: @partidomorado @tema0902 @julioguzmanperu @FSagasti Porque no entienden de una buena vez que el problema no es el partido M‚Ä¶,noAcoso
27,twitter,es,@partidomorado @julioguzmanperu @FSagasti @FSagasti deber√≠a ser candidato a la presidencia,noAcoso
28,twitter,es,@PFuerzaPopular @KeikoFujimori No. Gracias. Ser√°n videos antiguos !!!!,noAcoso
29,twitter,es,"@PFuerzaPopular @OrgulloFUJIMORI LA MAFIA KEIKO SEG√öN GALARRETA
https://t.co/TlpXIN12uE",noAcoso
30,twitter,es,"@PFuerzaPopular @OrgulloFUJIMORI AUN VOTARAN POR ESTA POLITICA? UNIVERSIDAD DE VIRGINIA
https://t.co/SWmyHYCq0M",noAcoso
31,twitter,es,"@PFuerzaPopular @OrgulloFUJIMORI NO REPITAMOS LA HISTORIA. EL PERU NO SABIA QUE ERA UN JAPONES.
https://t.co/61VbfXJvTa",noAcoso
32,twitter,es,@PFuerzaPopular @patty_juarez_ Est√° asi√°tica hip√≥crita terrorista x delante la hipocres√≠a y por detr√°s la corrupci√≥‚Ä¶ https://t.co/3bb5NBvFyn,acoso
33,twitter,es,RT @luchogalarreta: Muchas gracias a todos los peruanos que han querido volver a vivir los grandes logros de la d√©cada del noventa guiados‚Ä¶,noAcoso
34,twitter,es,"¬øQUIERES PARTICIPAR EN LA CLASE DEL CHINO?
Ser√°n 20 clases de Alberto Fujimori difundidas durante 4 semanas. Las in‚Ä¶ https://t.co/eMZtpDMxDh",noAcoso
35,twitter,es,RT @KeikoFujimori: Tengo el honor de anunciar la incorporaci√≥n de un gran profesor a la Escuela Naranja: ALBERTO FUJIMORI en LA CLASE DEL C‚Ä¶,noAcoso
36,twitter,es,Patricia Ju√°rez se suma a nuestro equipo de Plan de Gobierno. ¬°Bienvenida Patty! (VIDEO) https://t.co/5FqVsP2Ado,noAcoso
37,twitter,es,"@KeikoFujimori Patricia Juarez orden√≥ el caos vehicular. Lo padecemos hoy !!!! 
https://t.co/DeQjDYjtha",noAcoso
38,twitter,es,@KeikoFujimori Jajajajaj so√±ar no cuesta nada xd,noAcoso
39,twitter,es,"@KeikoFujimori Ahora escoge bien NO te lleves JUDAS Y CHUPAMEDIAS AL PARTIDO, si la JODES por 2da. mejor RETIRATE d‚Ä¶ https://t.co/V9JPRbpD1o",acoso
40,twitter,es,@KeikoFujimori Ese partido de mierda ya fracas√≥,acoso
41,twitter,es,Tengo el honor de anunciar la incorporaci√≥n de un gran profesor a la Escuela Naranja: ALBERTO FUJIMORI en LA CLASE‚Ä¶ https://t.co/6SrcskfOm7,noAcoso
42,twitter,es,@pepecistas Ahora s√≠ a celebrar por la muerte del Ppc,acoso
43,twitter,es,"UPP jam√°s present√≥ un Proyecto de Ley para reelegir a los congresistas complementarios. 

Desde un inicio rechazamo‚Ä¶ https://t.co/YWkzhHIa7p",noAcoso
44,twitter,es,@PeruUPP Pero si desean la vacancia y liberar a un asesino de polic√≠as!!!...,acoso
45,twitter,es,"@PeruUPP Sin embargo, quieren desestabilizar el pa√≠s no?
Igual es! Antauro seguir√° feliz en prisi√≥n, llevenle sudocus para que se distraiga",noAcoso
46,twitter,es,@PeruUPP Golpistas üëé,acoso
47,twitter,es,@PeruUPP Partido de terroristas ... son una tira de delincuentes... jam√°s votar√≠a para un nuevo gobierno se est√° en‚Ä¶ https://t.co/WyCe8JRc9t,acoso
48,twitter,es,@PeruUPP Oe toda la pandemia se ma han pasado jodiendo con su vacancia del demonio! Ya aburren! TRABAJEN EN ALGO QU‚Ä¶ https://t.co/KKpkipVIQX,acoso
49,twitter,es,"RT @MaqueraChavez: El relato de este combate, nos debe hacer reflexionar sobre el reto que tiene nuestra patria, que es el de continuar la‚Ä¶",acoso
50,twitter,es,RT @EdgarAlarconT: Seguimos investigando el #CasoSwing hasta conocer la verdad; pese a los hilos que se mueven para frustrar esta labor y e‚Ä¶,noAcoso
51,twitter,es,RT @Omarquesadamart: Homenaje al m√°rtir Manuel Ar√©valo C. asesinado cobardemente y por la espalda por la polic√≠a pol√≠tica de quienes como h‚Ä¶,noAcoso
52,twitter,es,"@ApraDigital D√ìNDE ESTA LA VIRTUD DE LA HONRADEZ. DON V√çCTOR RA√öL NO QUISO QUE UN APRISTA SUBA AL GOBIERNO, PORQUE‚Ä¶ https://t.co/I2o5yoNlYE",noAcoso
53,twitter,es,"RT @yturbe_: Hoy #12deOctubre se celebra 120 a√±os del nacimiento de una de las mentes m√°s brillantes del Per√∫.
Luis Alberto S√°nchez, tres v‚Ä¶",noAcoso
54,twitter,es,"RT @RicardoPinedoC: Honor y Gloria a Mar√≠a Huapaya, m√°rtir del Apra. Enfrent√≥ con su fe a los terroristas y escribi√≥ en su pizarra :‚ÄùNo tem‚Ä¶",noAcoso
55,twitter,es,RT @Rafaellavp: Hace un a√±o por el #DiaDeLaMujerAprista ‚≠ê ya nos tocar√° junte nuevamente. @UrsulaPeru @PatriciaTubilla @VanePinkLover05 @fa‚Ä¶,noAcoso
56,twitter,es,RT @PodemosPepeLuna: 100% de la AFP o 4UITs. La decisi√≥n final ser√° este 31 de octubre. Ambos escenarios son posibles gracias a una lucha c‚Ä¶,noAcoso
57,twitter,es,"RT @TuAmigoAron: Mi total apoyo y mis mejores deseos de pronta recuperaci√≥n al presidente de nuestro partido, Jos√© Luna G√°lvez, quien se en‚Ä¶",noAcoso
58,twitter,es,"RT @TuAmigoAron: @podemos_peru, el partido del pueblo NO NEGOCIA y exige la liberaci√≥n del 100 % de los aportes de la AFP de 7.2 M de perua‚Ä¶",noAcoso
59,twitter,es,@podemos_peru La obstrucci√≥n de la Fiscal de la Naci√≥n a favor d Martin Vizcarra s exagerada y vergonzoza d su part‚Ä¶ https://t.co/XNAgawlF9t,noAcoso
60,twitter,es,RT @exitosape: üîµüî¥ #URGENTE I Congresista Cecilia Garc√≠a presenta proyecto de ley para reducir el salario de los parlamentarios en un 50%.‚Ä¶,noAcoso
61,twitter,es,Lamentamos que personas ajenas al partido de manera inescrupulosa enga√±en a los medios de comunicaci√≥n. La sra. Roc‚Ä¶ https://t.co/0HjXo4o6WQ,noAcoso
62,twitter,es,"@SomosPeruOf @larepublica_pe Somos Per√∫ osea los Hermanitos del congreso geishas vizcarratas, aclarando que la decencia no es parte de ellos",acoso
63,twitter,es,"@SomosPeruOf @larepublica_pe La se√±ora Rocio no es militante, el partido Somos Per√∫ es un partido democr√°tico e ins‚Ä¶ https://t.co/o5dsRm0rMg",noAcoso
64,twitter,es,@SomosPeruOf @larepublica_pe Es lamentable que se le siga dando vitrina a personas que no tienen militancia en el p‚Ä¶ https://t.co/zZETf1JS7B,noAcoso
65,twitter,es,"RT @arb_david: @SomosPeruOf @larepublica_pe El partido SP no es una empresa familiar, verdaderos militantes, son los que definen el destino‚Ä¶",noAcoso
66,twitter,es,RT @SalasZ_AA: @SomosPeruOf @larepublica_pe Un apellido no da derecho y menos sin militancia a reclamar se debe respetar el legado de un ho‚Ä¶,noAcoso
67,twitter,es,"üìåNuestro congresista, Mariano Yupanqui, acaba de asumir este importante cargo. Todos los √©xitos para √©l y su equipo‚Ä¶ https://t.co/gKUb1WdXs6",noAcoso
68,twitter,es,Ma√±ana en la subcomisi√≥n de Acusaciones votaremos a favor de la admisi√≥n para levantar el fuero a nuestro militante‚Ä¶ https://t.co/Dt3jAmBXKH,noAcoso
69,twitter,es,"@dsalaverryv
yo soy de los que cree que las lealtades no tiene que ser tanto a las personas sino hacia los princip‚Ä¶ https://t.co/PAEoMrWCPc",noAcoso
70,twitter,es,"En el D√≠a Internacional Contra el Cambio Clim√°tico, reflexionemos sobre el ahorro de energ√≠a y el reciclaje de dive‚Ä¶ https://t.co/SXJ0RVia3Y",noAcoso
71,twitter,es,@FrepapBancada Y Escaz√∫?? Se nota q no tienen un buen asesor y q no est√°n preparados paramla responsabilidad q conl‚Ä¶ https://t.co/q2YjGwVfKK,noAcoso
72,twitter,es,"@FrepapBancada Hip√≥critas, votaron en contra del acuerdo de #Esaczu. Apoyan a mafias de la tala de √°rboles, miner√≠a ilegal.",acoso
73,twitter,es,@FrepapBancada Pira√±as,acoso
74,twitter,es,"RT @levirey: @FrepapBancada Incoherentes. No han le√≠do todas las bondades de Escaz√∫ y no lo han ratificado, ahora de las dan de coraz√≥n ver‚Ä¶",noAcoso
75,twitter,es,@FrepapBancada Y qu√© pas√≥ con el #AcuerdoDeEscazu,noAcoso
76,twitter,es,"la cual fue discutida en la Comisi√≥n de Cultura, presidida por nuestro congresista @AlcidesRaymeM.

Desde la bancad‚Ä¶ https://t.co/Zpupuve1FW",noAcoso
77,twitter,es,"Hoy, en el #PlenoVirtual del @congresoperu, votamos a favor del texto sustitutorio que declara de inter√©s nacional‚Ä¶ https://t.co/nXm7lZZKL0",noAcoso
78,twitter,es,"@FrepapBancada Hip√≥critas, votaron en contra del acuerdo de #Esaczu. Apoyan a mafias de la tala de √°rboles, miner√≠a ilegal.",noAcoso
79,twitter,es,"Desde la bancada del Frepap, seguiremos trabajando por la inclusi√≥n social y econ√≥mica de todos los peruanos. (2/2)‚Ä¶ https://t.co/9jIzHd9kpf",noAcoso
80,twitter,es,En nuestra visita a Puno tambi√©n visitamos el distrito de Taraco para supervisar una megaoperaci√≥n Tayta contra el‚Ä¶ https://t.co/ehFheioodW,noAcoso
81,twitter,es,"RT @Jali_Cotrina: @WalterMartosR Enfrente la realidad: Su jefe el presidente Vizcarra todos los d√≠as tiene nuevas denuncias de corrupci√≥n,‚Ä¶",noAcoso
82,twitter,es,"Los ni√±os tienen una capacidad incre√≠ble para aprender, solo hay que darles las herramientas. Hoy, junto al ministr‚Ä¶ https://t.co/A751WLESLK",noAcoso
83,twitter,es,"Tuve el privilegio de recibir en Machupicchu el sello ""Safe Travels"" que certifica al Per√∫ como un destino con los‚Ä¶ https://t.co/K7fqYxXJyv",noAcoso
84,twitter,es,"Cuando trabajamos juntos Estado y empresa privada podemos lograr muchas cosas. Hoy particip√©, junto a la presidenta‚Ä¶ https://t.co/bvNO2bw04R",noAcoso
85,twitter,es,eres un puto de mierda,acoso
86,twitter,es,"probablemente te salga en tu tl, entonces quiero decirte que eres una perra hijueputa",acoso
87,twitter,es,"Si coqueteas con una persona y sabes que tiene pareja, eres una perra basura",acoso
88,twitter,es,Chingas a tu perra madre pinche pel√≥n de mierda eres una cagada deja al @CH14_ que por tu filosof√≠a pendeja lo haz da√±ado maldito pel√≥n,acoso
89,twitter,es,Trabaja hasta que la gente diga el hijo de puta lo logr√≥.,acoso
90,twitter,es,"tenes que ser muuuy hijo d puta para que t guste el helado de chocolate, es incomible",acoso
91,twitter,es,"Demuestra lo que sientes y ch√∫pame la pinga, buenas noches",acoso
92,twitter,es,Chupame la pinga rctmre,acoso
93,twitter,es,"Porque has dicho que ""la pol√≠tica es la mayor basura que se ha inventado...."" ""paso de votar"" y quiero saber si eres otro fascista de mierda o lo tuyo es ""puro teatro""""",acoso
94,twitter,es,"Insisten en darnos a elegir entre la basura, como dijo el presidente, a rogar porque gane el mal menor. Pol√≠tica de mierda, cuanto da√±o le haces al Per√∫.",acoso
95,twitter,es,"Me maravilla el ritmo al que se suceden los esc√°ndalos, corruptelas e ilegalidades del gobierno actual para que al olvidadizo cerebro espa√±ol no le de tiempo a procesar semejante caudal de basura pol√≠tica. Somo como moscas volando de mierda en mierda al son de unos mediocres.",acoso
96,twitter,es,"La pol√≠tica es un gran oc√©ano de pura basura social. No s√≥lo en Espa√±a, en el mundo entero, los valores lo han convertido en peque√±os complejos para poder soportarnos los unos y los otros para implementar la globalizaci√≥n, una puta mierda globalizada.",acoso
97,twitter,es,"Odio la pol√≠tica en general y TODOS lo pol√≠ticos me parecen una mierda pero el peronismo en particular lo considero uno de los mayores cancer de argentina ya que en mis cortos 25 a√±os e visto cada basura hacer mierda el pa√≠s en el nombre del peronismo, Per√≥n los est√° meando hoy‚úåüèº",acoso
98,twitter,es,Pinche viejo ratero priista de cuna un dinosaurio de la politica mexican ratero corrupto de mierda jajajaja,acoso
99,twitter,es,Ayyyy si!!! No veo diferencia alguna entre el PRIAN (rateros de mierda) AMLO (ratero de mierda) o cualquier elemento de la clase pol√≠tica de este pa√≠s (rateros de mierda). T√∫ y todos esos creyentes del mes√≠as que no existe!!!!!,acoso
100,twitter,es,Tu mero chinga tu madre! Y ya deja de hacerle a la mamada que no vas a ganar pinche ratero! Politica de mierda !! De todos no se hace ninguno! En donde esta el cambio que todos los presidentes dicen que van a hacer cuando estan en elecciones? Oh yaa se quedaron en el olvido!!,acoso
101,twitter,es,"El √∫nico compromiso que tienes es contigo mismo, eres un Chapul√≠n m√°s de la pol√≠tica, estas donde mejor te conviene pinche ratero de mierda.",acoso
102,twitter,es,Callate imbesil,acoso
103,twitter,es,q me ves puto imbesil,acoso
104,twitter,es,Bachiller imbesil,acoso
105,twitter,es,terrorista de mierda deja de apoyar la vacancia,acoso
106,twitter,es,"Esperemos que el Presidente Mart√≠n Vizcarra no vulnere estas #Elecciones2021, porque √©l querr√° promover, impulsar y manipular para que el pr√≥ximo Presidente est√© a su medida y lo ayude a evadir a la justicia. Estemos alerta!",noAcoso
107,twitter,es,Hola muchach@s espero tenga un buen y tranquilo d√≠a tod@s cu√≠densen mucho #FelizDomingoATodos los quieroRaising handsSmiling face with smiling eyesFace throwing a kisssi va celebrar que sea con conciencia y prudenciaFlexed bicepsFour leaf clover #Elecciones2021 a mi envienme √°nimo Loudly crying faceLoudly crying face solo espero llegar temorano a ducharme y comer bien Pig faceLoudly crying face nos leemos Winking face‚úå,noAcoso
108,twitter,es,"Con la izquierda no se transa, a la izquierda se la combate #Elecciones2021 #Per√∫",noAcoso
109,twitter,es,"George Forsyth sobre Restauraci√≥n Nacional: ‚ÄúSoy parte de otra generaci√≥n, vamos a cambiar la ideolog√≠a‚Äù",noAcoso
110,twitter,es,"Y que labores sociales ha hecho? / como qued√≥ el tema con su esposa? / porque dejar el cargo de alcalde, fue un trampol√≠n para su ambici√≥n pol√≠tica!!! - Frowning faceFrowning faceFrowning face",noAcoso
111,twitter,es,"Un candidato sin partido, sin experiencia pol√≠tica, sin estudios superiores que solamente utizo a una mujer para llegar a la municipalidad. Har√≠a cualquier cosa por llegar al poder. Sin escr√∫pulos.",noAcoso
112,twitter,es,"Segun LA REP√öBLICA, ya gan√≥ Forsyth. Per√∫ s√≠ a Forsyth no lo conocen en el Per√∫, y menos a su partido.??? Empez√≥ la fiesta para los PERI√ìDICOS y las Encuestadoras. A cobrar se ha dicho!!",noAcoso
113,twitter,es,@gvillasis ya aburre tanto con sus cosas como la campa√±a de medios de forsyth,noAcoso
114,twitter,es,"o cazo un fulbo de algunos textos de Oslack. No s√© para que mierda estudio ciencia pol√≠tica si soy un burro, dios.",acoso
115,twitter,es,"@rrominadonato 

@lucasrusailh 
economia Y politica, ni el nombre sabe el hijo de puta jajajajajajjaa",acoso
116,twitter,es,"@lujimoreno 

@LucasRusailh 
Jjaajajajja mal burro de mierda, es ""Economia Politica""",acoso
117,twitter,es,"""Ago politica"" JAJAJJAJAJAJAAJAJAJJAJA 

qu√© burro de mierda este Lauti",acoso
118,twitter,es,"Por eso estamos cagados,no les interesa la corrupci√≥n,solo el rival politico,BURRO DE MIERDA",acoso
119,twitter,es,"As√≠ que nos hemos comido test que fallan. Si cuando pase esta mierda no sale la idea general de que tenemos que tener f√°bricas a saco, ser√° pa ponernos el capirote con orejas de burro. 

Me da igual a qui√©n se eche la culpa pol√≠tica mientras se acepte esta base.",acoso
120,twitter,es,Mar√≠a Mercedes Cuesta: bien dicen que los pol√≠ticos son bien hip√≥critas y me da asco escucharlos. Prof√©ticas sus palabras.,acoso
121,twitter,es,"No s√© si Vizcarra sea un corrupto, no pongo las manos al fuego por nadie. Pero haber guardado la compostura en esa entrevista lo deja muy bien parado.
",noAcoso
122,twitter,es,"Mi nieta de 9 a√±os ley√≥ a Uceda y subray√≥ 2 p√°rrafos:""El delito de cohecho, por el que se incrimina al Presidente. NO FIGURA COMO CAUSAL DE VACANCIA"" ""NO SE HA DEMOSTRADO QUE VIZCARRA SEA UN CORRUPTO"". Entonces de qu√© urgente vacancia hab√≠as. El futuro oscuro es para los partidos 
Quote Tweet",noAcoso
123,twitter,es,corrupto de mierda,acoso
124,twitter,es,burro de mierda,acoso
125,twitter,es,Vizcarra debe ser vacado porque as√≠ lo debe recordar la historia. El presidente vacado por CORRUPTO.,acoso
126,twitter,es,"Si Mart√≠n Vizcarra no es vacado, esperemos una campa√±a electoral con una intromisi√≥n grosera del corrupto gobernante a quien lo veremos a diario pidiendo votar por un candidato joven. Con un pie en prisi√≥n, har√° todo lo posible para dejar un t√≠tere en Palacio. Advertidos estamos.",acoso
127,twitter,es,"QUE TAL CUAJO DE VIZCARRA ACUSAR A OTROS DE CORRUPTOS, CUANDO EL ES UN CORRUPTO, COIMERO, DELINCUENTE..POR ESO SE ENCARGO DE PERSEGUIR AL EX FISCAL PEDRO CHAVARRY, LOGRAR SACARLO DE FISCALIA Y PONER A SU COMPINCHE ZORAIDA AVALOS.. ENCARCELO A KEIKO FUJIMORI, CERRO EL CONGRESO",acoso
128,twitter,es,golpista de mierda,acoso
129,twitter,es,No olvidemos que Vizcarra di√≥ un golpe de estado y es un presidente de facto. No personifica a la naci√≥n ni merece ning√∫n respeto. Es un golpista corrupto,acoso
130,twitter,es,Deber√≠as renunciar ‚Äúrapidito‚Äù corrupto e inmoral de mierda.,acoso
131,twitter,es,"Ricardo Uceda: ""Un corrupto desde el poder puede causar da√±os irreparables al Sistema""",acoso
132,twitter,es,"Salazar: ‚ÄúVizcarra nos dec√≠a corruptos, cuando el corrupto era √©l‚Äù",acoso
133,twitter,es,HASTA CUANDO VAMOS A TENER A OTRO RATERO EN LA PRESIDENCIA?. √âSTE VIZCARRA VA A ROBAR Y MENTIR HASTA EL 28 DE JULIO DE 2021. CUIDADO CON UN FRAUDE ELECTORAL. √âSTE SUJETO ES CAPAZ DE HACER CUALQUIER DELITO PARA TENER PODER.,acoso
134,twitter,es,"Que rica mermerlada para el esposo de la chichi valenzuela, se la llevan facil estos guaripoleros sobones del ratero vizcarra",acoso
135,twitter,es,LA BASURA DE CONGRESO KE TIENE √âL PERU DEBER√çA DESTITUIR A LA FISCAL DE LA NACI√ìN SIN NING√öNA DUDA - MENTIRA KE POR LA PANDEMIA O POR LA CERCAN√çA DE LAS ELECCIONES NO SE LE DEBA VACAR AL DELINCUENTE VIZCARRA - ES AL REV√âS ESTE RATERO NO DEBE CONTINUAR UN MINUTO M√ÅS DE PRESIDENTE,acoso
136,twitter,es,Opiniones de un cabronazo ..,acoso
137,twitter,es,"Ahora voy a demostrar que estoy mintiendo, cabronazo",acoso
138,twitter,es,"Bien hecho, cabronazo ..",acoso
139,twitter,es,"Erick, que cabronazo.",acoso
140,twitter,es,"Shush! '' C√°llate, que cabronazo ..",acoso
141,twitter,es,cabronazo Foff !.,acoso
142,twitter,es,Retweet este si t√∫ piensa que .MrPatriarch12 es un cholo ..,acoso
143,twitter,es,Y t√∫ eres probablemente un cholo.,acoso
144,twitter,es,t√∫ es una perra hecho chola,acoso
145,twitter,es,Volver a adorar las vacas que mierda tonto.,acoso
146,twitter,es,J√≥dete.,acoso
147,twitter,es,J√≥dete hombre la paciencia es una virtud.,acoso
148,twitter,es,marica beso.,acoso
149,twitter,es,"Estos miserables parasitos caviarones del estado son tan carepalos doble moral, recuerdo como maldecian y se desangraban por atacar a chavarry, pero ahora que la titere Zoraida Avalos es la FN, ahora si las competencias, orden jerarquico, todo pa blindar al ratero Vizcarra",acoso
150,twitter,es,Magaly Medina defiende a Augusto Thorndike: ¬´Los periodistas estamos para incomodar y no para ser geishas¬ª,acoso
151,twitter,es,Le doy la raz√≥n a la Urraca.Personalmente no me agrada Thorndike pero no me parecio irrespetuoso y si lo consideran asi s pq Vizcarra se lo merece. Ningun respeto para un RATERO MENTIROSO.,acoso
152,twitter,es,"Police cars revolving lightAdem√°s, un sector del Frente Amplio sospecha de una presunta colusi√≥n entre el l√≠der de esta agrupaci√≥n, Marco Arana, con el presidente Mart√≠n Vizcarra.",acoso
153,twitter,es,"Vizcarra ratero mitomano carepalo, tu no garantizas elecciones limpias sucio mafioso",acoso
154,twitter,es,"Entonces que un ratero entreviste a Vizcarra,esa es la talla pareja",acoso
155,twitter,es,Thorndike confunde ser incisivo con ser altanero. Merecemos un periodismo que d√© la talla.,noAcoso
156,twitter,es,"Osea Vizcarra aun para la compra de test queria sacar su coima, este vizcarra mitomano ratero es un sin verguenza",acoso
157,twitter,es,La cloaca de junta con la cloaca,acoso
158,twitter,es,"Vizcarra: hago obra, hospital moquegua, pero igual robo. Ratero descarado",acoso
159,twitter,es,"MV: ‚Äúme llega un pedido de vacancia...no s√© si ser√° una vez por mes‚Äù. MV en modo victimizaci√≥n. No confunda, hay nuevos y graves hechos. ‚ÄúQui√©n quiere patear el tablero de la democracia‚Äù, dice. No se√±or, usted est√° complicado por serias y graves denuncias.",noAcoso
160,twitter,es,"Definitivamente la gente no votar√° por la izquierda ,puesto que Vizcarra est√° rodeado de izquierdas y estos demostraron ser los m√°s ratero d la historia.",noAcoso
161,twitter,es,"Esta gilaza piensan que el congreso le roba, no sabe que su papi Vizcarra es el verdadero ratero",acoso
162,twitter,es,..jimmykimmel t√∫ es un idiota.,acoso
163,twitter,es,.jimmykimmel t√∫ es una pieza in√∫til de mierda! '' Ir a la mierda.,acoso
164,twitter,es,"En otras palabras, t√∫ es un pedazo de mierda in√∫til de mierda ... .vizcarra #DieAlready.",acoso
165,twitter,es,"¬øqu√© quiere decir ""qu√©"" es t√∫ un idiota.",acoso
166,twitter,es,Lo .. t√∫ es un idiota ?.,acoso
167,twitter,es,Sr. de Niro son un idiota.,acoso
168,twitter,es,Sean Hannity t√∫ es un idiota ..,acoso
169,twitter,es,vizcarra Eres realmente un idiota !.,acoso
170,twitter,es,Eres un idiota..,acoso
171,twitter,es,Eres un idiota. '' Privilegio por supuesto.,acoso
172,twitter,es,vizcarra Eres un idiota Ffn.,acoso
173,twitter,es,Esto ocurre cuando t√∫ es un idiota ...,acoso
174,twitter,es,No t√∫ tambi√©n nadie se preocupa por estas putas.,acoso
175,twitter,es,Lo que es un puto marica.,acoso
176,twitter,es,Puto marica perezoso.,acoso
177,twitter,es,"oi maldito bicho raro. ' 'Stop chat mierda.',' marica est√∫pido ..",acoso
178,twitter,es,"Quer√≠as la bestia, puto marica, as√≠ que ahora va a puto lo consigue.",acoso
179,twitter,es,Lo que es un marica.,acoso
180,twitter,es,"otro marica insegura, lo que es un suprsie.",acoso
181,twitter,es,"Vaya, qu√© marica.",acoso
182,twitter,es,"IngrahamAngle t√∫ es un bajo, gordo, puta ..",acoso
183,twitter,es,"Tampoco solicito la suya., ¬øEres un retardado? Creo que tal vez t√∫ est√° ..",acoso
184,twitter,es,Eres retrasado.,acoso
185,twitter,es,"Sr., ¬øpor qu√© usted sigue amando a Mart√≠n Vizcarra a pesar de todas las evidencias de corrupci√≥n?",acoso
186,twitter,es,"Mart√≠n Vizcarra: No participaremos en las elecciones, pero garantizaremos que sean transparentes",noAcoso
187,twitter,es,"Manuel Merino de AP no esta apto para ser presidente. El gobierno deber ser elegido v√≠a elecciones y en democracia. 

Vizcarra debe terminar su per√≠odo, luego ser juzgado y procesado si as√≠ corresponde, pero no debemos permitir que las mafias retomen el poder fraudulentamente.",noAcoso
188,twitter,es,"Amiguito ve a recogerle a vizcarra y a swing los condones usados en palacio, pero igual el ratero mitomano corrupto de Vizcarra se va a la carcel.",acoso
189,twitter,es,"Ve a recogerle los condones usados a tu jefe Vizcarra miseravle troll, ya el ratero mitomano carepalo de tu jefe pronto estara en prision",acoso
190,twitter,es,"UPP, cuyo caudillo est√° sentenciado por rebeli√≥n, homicidio simple, arrebato de armas de fuego y secuestro agravado, en perjuicio del Estado y de un grupo de efectivos de la Polic√≠a Nacional, presenta nueva moci√≥n de vacancia por incapacidad moral. Curiosidades de la vida...",noAcoso
191,twitter,es,"Esos que se dan golpes de pecho y hablan hasta el cansancio de ‚Äúlucha contra la corrupci√≥n‚Äù como los Toledo, Humala, Villar√°n y ahora Vizcarra terminan siendo siempre los mas corruptos!",noAcoso
192,twitter,es,hoy no es un d√≠a cualquiera decide l√≠der del PARTIDO NACIONALISTA OLLANTA HUMALA va a participar en la contienda electoral un gobierno transparente con mas de 30 programas en beneficio de los q menos tienen un gobierno q trabajo sin mirar tintes pol√≠ticos,noAcoso
193,twitter,es,mierda,acoso
194,twitter,es,ignorante ‚ùÇ,acoso
195,twitter,es,Cholo,acoso
196,twitter,es,perra fea #teamwildside üíÖ,acoso
197,twitter,es,ABRAZOS DE OSO,noAcoso
198,twitter,es,Se parece a m√≠ pene,acoso
199,twitter,es,lindo.,noAcoso
200,twitter,es,"vizcarra nunca voy a ser capaz de llamar a cualquier otra cosa ahora. ""]",noAcoso
201,twitter,es,Me gustar√≠a hacer esto.,noAcoso
202,twitter,es,Te amo ..,noAcoso
203,twitter,es,"Esto es una mierda t√≠o, otra vez con las ansiedades de mierda, esto es un sin vivir, por favor!! Me quiero ir a vivir a un pueblo, al campo, con las monta√±as al lado, en plena naturaleza, y desconectar del mundo!! Quiero vida!! As√≠ no se puede vivirPerson gesturing not okShamrockBlossomNational parkSunrise over mountainsEarth globe americasPaw prints",acoso
204,twitter,es,"...y PROTESTAR PARA QUE NUNCA M√ÅS, HAYA GENTUZA COMO UD.. COMPRENDER√Å...QUE POR SEGUIR CON LA MAMADERA DEL ESTADO CAMBIA DE CAMISETA POL√çTICA COMO SI NADA...Y MAS A√öN DEFIENDE A LA KLOAKA NARANJA.. 
GRACIAS KEIKO POR TANTA MIERDA....!!!",acoso
205,twitter,es,"Miren quien quiere indirectamente administrar tu plata : Fue secretaria nacional de pol√≠tica en Per√∫ Posible del ladr√≥n Toledo, fue ministra del otro ladr√≥n Humala, acusada de tener una consesion minera mientras era congresista y presentar leyes a su favor, Man facepalming",noAcoso
206,twitter,es,"UPP habla de permanente incapacidad moral, su l√≠der Antauro Humala est√° preso purgando condena. No entiendo.",acoso
207,twitter,es,Comisi√≥n de √âtica podr√≠a investigar a congresistas de UPP por reunirse con Antauro Humala en c√°rcel,noAcoso
208,twitter,es,basuras rateros de mierda no merecen la vida,acoso
209,twitter,es,Confirmado el plan golpista de UPP y AP en boca del propio Antauro Humala.,acoso
210,twitter,es,Abogado de Antauro Humala renuncia tras ser se√±alado por acoso de menores,noAcoso
211,twitter,es,violadores nunca mas,acoso
212,twitter,es,"Vizcarra es un corrupto, mitomano e inepto, pr√≥ximo compa√±ero de prisi√≥n de Alberto Fujimori !",acoso
213,twitter,es,"Eran cantantes bien preciados en la antig√ºedad, ni eso podr√≠a hacer el inepto Vizcarra. #EunucosDignidad",acoso
214,twitter,es,Estos COMUNISTAS como se ara√±an cuando no sobonean al INEPTO Y CORRUPTO DE VIZCARRA .,acoso
215,twitter,es,"""Vizcarra ser√° inepto, pero no es corrupto.""",noAcoso
216,twitter,es,Martos sobre Antauro Humala: Rechazamos que una persona privada de su libertad impulse una vacancia,noAcoso
217,twitter,es,"Vizcarra se mete opinar en tema legal de una supuesta violacion, ESTE INEPTO QUIERE DESVIAR OPINI√ìN P√öBLICA PARA QUE SE OLVIDEN DE SUS COIMAS.",acoso
218,twitter,es,"Como? Acaso Vizcarra tiene un plan? Vizcarra ha demostrado ser un inepto, corrupto y farsante.",acoso
219,twitter,es,Por eso que todos hacen creer que keiko es la de poder pero no es as√≠ ella no tiene ni mierda es solo un t√≠tere,acoso
220,twitter,es,"Y este FUJITROLL este adefesio de q callej√≥n lo han sacado? 

Est√° keiko pura basura tiene de seguidores",acoso
221,twitter,es,Como quieres tapar a. Tu mam√°. Keiko. Basura,acoso
222,twitter,es,"He tenido la alucinante idea de que toda esta mierda pol√≠tica, sea para que al final el mal menor sea keiko...",acoso
223,twitter,es,"El se√±or 
@MerinoDeLama
muy obediente a los mandatos del delincuente Antauro Humala.
Mientras tanto, las denuncias contra 
@EdgarAlarconT
y el desafuero al condenado 
@HumbertoAcunaP
siguen durmiendo.",acoso
224,twitter,es,"Al respaldar el pedido de vacancia presidencial del golpista Antauro Humala, UPP y sus asociados traicionan el sistema democr√°tico por el que fueron elegidos.",noAcoso
225,twitter,es,#VIDEO Alberto de Belaunde: ‚ÄúEl objetivo de la bancada de Antauro Humala es desestabilizar la democracia‚Äù,noAcoso
226,twitter,es,No importa cuando leas esto: Antauro Humala es un asesino y ning√∫n congresista deber√≠a estar recibiendo sus √≥rdenes.,noAcoso
227,twitter,es,"En canal N, Isaac Humala ha dicho que UPP es basicamente un partido lleno de gente de M sin nivel, pero igual quiere postular como vicepresidente. Siempre da pena y risa, pero para todo hay limites",acoso
228,twitter,es,"Aunque al final no prospere la Moci√≥n de vacancia express de UPP de Antauro Humala y PODEMOS de Jos√© Luna, el da√±o est√° hecho. El Congreso deber√≠a tratar igual a sus congresistas con prontuario y el TC deber√≠a poner l√≠mites a esta carnicer√≠a selectiva de la ""incapacidad moral""",noAcoso
229,twitter,es,"q suave ha pasado la denuncia de la conspiraci√≥n de Antauro Humala de Alarcon y Merino en los medios, sera porq son parte interesada?..",noAcoso
230,twitter,es,"Esta mierda cuando fue secretario del trabajo de #Borolas acoso 
@JGutierrezVivo
empuj√°ndolo a cerrar su empresa y salir del pa√≠s. Y todav√≠a se atreve escupir tanta porquer√≠a. Hubiera sido interesante que lo cuestionara al respecto. nota tomada de: 
@proceso",acoso
231,twitter,es,"Volv√≠, pero gracias al feministo porquer√≠a que me denunci√≥ por acoso, cuando √©l es el que hace meses acosa a otras personas, ahora no puedo usar esta cuenta para una mierda. De todos modos: sos basura.",acoso
232,twitter,es,"El acoso es una mierda, es una porquer√≠a vivir con miedo de salir sola, por mi parte despu√©s de una experiencia horrible le tengo pavor a subirme a un taxi sola, de verdad esto tiene que parar ya!",acoso
233,twitter,es,"Tienen el derecho de enojarse si http://quieren.Al igual que vos tenes el tuyo de llamarlos como se te canta. 
Lo que no podes hacer es putearlos 24/7 sin argumentos con el fin de tirar mierda como taberna anti progres, que eso es acoso y demuestra que el es porqueria",acoso
234,twitter,es,"AMIGOS LA GENTE PUEDE SER UNA PORQUER√çA Y A√öN AS√ç SER V√çCTIMA DE ACOSO. Hasta el culo su argumento de mierda, las v√≠ctimas no tienen que cumplir con los requisitos de un check list ni ser personas intachables o caerles bien.",acoso
235,twitter,es,Ven que son una porquer√≠a todos? Las pibas salen ahora a hablar a contar sus casos de abuso y acoso y a ustedes les molesta o los tiene cansado? Vayanse a la concha de la lora soretes de mierda.,acoso
236,twitter,es,"gente de MIERDA, que est√°n burl√°ndose del acoso que ha sufrido Mayra y hasta la chica de 17 a√±os, son una porqueria!!!",acoso
237,twitter,es,"Me alegra q cada vez m√°s personas vean la porquer√≠a de ser humano q es 1 d mis ex, una amiga hizo un post y espero pronto animarme a contar lo que viv√≠ con el, lo mal que lo pase, como me senti, el como intento manipularme y el acoso de mierda que me hizo durante m√°s de un a√±o.",acoso
238,twitter,es,"¬øD√≥nde est√°s conchetumare? 

¬øD√≥nde est√°s hip√≥crita de mierda? 

¬øO sea, supuestamente viste ""la corrupci√≥n"" de Keiko, Alan, Casta√±eda, Ch√°varry; pero no viste la de Mart√≠n Vizcarra? 

Ahora vas a tener que recoger los condones de Vizcarra desde alg√∫n penal, apa√±ador de mierda.",acoso
239,twitter,es,"Carajo, estos hdp son tan mierda como las ratas anteriores, la √∫nica diferencia es que Keiko ahora tiene menos diezmos. Parece que en vez de elegir a nuestros representantes eligi√©ramos a nuestros verdugos.",acoso
240,twitter,es,"ctm, conchetumare de mierda",acoso
241,twitter,es,hijo de perra no mereces vivir de la politica ctm,acoso
242,twitter,es,"Si Thorndike estuviera entrevistando as√≠ a Keiko, todos estar√≠an diciendo QU√â GRAN ENTREVISTA, QU√â GRAN PROFESIONAL, AS√ç SE HACE PERIODISMO. As√≠ que fuera mierda con eso de que ""Ay qu√© irrespetuoso con el presidente"". Dobles moral as hell.",acoso
243,twitter,es,"Los abogados de Keiko A. Quiroga, A. Delgado, payasos como 
@JorgeDCG 

@JVillaStein 

@gonzalesposadal 

@JuanSheput 
firmando comunicados de mierda, pidiendo a FFAA que acepten a Antero como PM cada vez que quieren golpe de estado, es muestra de su desesperaci√≥n por tomar el poder.",acoso
244,twitter,es,quiero ese audio de ese webon gritando q es alfin es viernes mierda con welcome to the jungle de fondo y pidiendo que no voten por keiko,acoso
245,twitter,es,"¬øEst√°s tonto? ' '¬øNo lo entiendes?',' ¬øQuieres saber por qu√©",acoso
246,twitter,es,"Le doy la bienvenida al doctor Ernesto Bustamante, quien se suma a nuestro equipo de Plan de Gobierno 2021 (VIDEO)",noAcoso
247,twitter,es,Amo a mi hombre rico.,noAcoso
248,twitter,es,.Such un perdedor pat√©tico ..,acoso
249,twitter,es,Per√∫ est√° tan jodidamente bien fr√≠o.,acoso
250,twitter,es,"Bien Keiko...
La basura en su lugar!!!",noAcoso
251,twitter,es,"SONIA TORRES MU√ëOZ y R√ìMULO CARCAUSTO CALLA son los jueces que decidieron revocar, por segunda vez, la prisi√≥n preventiva impuesta a Keiko Fujimori. 

Pero no sido la primera vez, pues ya cuentan con algunos antecedentes fallando a favor de este tipo de personas. 

Hilo Blanco",noAcoso
252,twitter,es,"t√∫ es un traidor a la patria!"", 'espero vizcarra hagas algo",acoso
253,twitter,es,..vizcarra literalmente la definici√≥n de un retardado.,acoso
254,twitter,es,"MANGA DE RATAS, PREPOTENTES GRITONAS, CORRUPTAS, EST√ÅN SUELTOS GRACIAS A LOS JUECES DE MIERDA QUE LA JEFA NOS DEJ√ì 
EL #12AYoVoy Y VAMOS TODOS! A ESTE PA√çS SE LO RESCATA CON JUSTICIA 
BASTA DE DELINCUENTES EN EL CONGRESO! 
@UniCiudadanaAR 
RATAS INMUNDAS PATOTERAS DELINCUENTES",acoso
255,twitter,es,Parece que Vizcarra escoge a ministras que no sean susceptibles de acoso sexual,acoso
256,twitter,es,"Argumentos de Lescano siempre fueron los del banner antifujimorista que uso el cartel corrupto que nos gobierna 18 a√±os para hacernos Lavajato,msjs si configuran acoso ,la noticia deber√≠a ser Vizcarra socio del club de la construcci√≥n y su posible vacancia",acoso
257,twitter,es,@CesarAcunaP @podemos_peru Ni por ese gesto llegar√°s a ser presidente. Te crees pendejo ? No te subas al coche. #APPNuncaMas,acoso
258,twitter,es,@CesarAcunaP @podemos_peru APP SE VENDE AL LADRON DE MARTIN VIZCARRA https://t.co/8n3h5tENy2,acoso
259,twitter,es,Me pregunto :Que mierda tiene q hacer q los chistosos hablen de Keiko y FP todos los d√≠as en su programucho vidaurre manolo y la gorda giovanna √©sta basura de gente de rpp reciben su mermelada para eso son aggggggg,acoso
260,twitter,es,Que lecciones de √©tica periodista puede dar esta t√≠a con su programa basura?,acoso
261,twitter,es,"Reci√©n descubre que se extra√±aba a la familia. 
Digo, porque fue un completo miserable con la de Keiko. 
Basura...",acoso
262,twitter,es,"Y pensar que 
@chechechacon 
lo trat√≥ como basura cuando lo interpelaron, enviada claro por Keiko. 
El mundo da vueltas, estoy seguro que 
@JaimeSaavedra22 
no extra√±a para nada esos d√≠as.",acoso
263,twitter,es,"77% del Per√∫ no quiere votar por Forsyth 
90.9% no quiere votar por Mendoza 
92% no quiere votar por Keiko",noAcoso
264,twitter,es,Acu√±a tarado que me esconde el cel,acoso
265,twitter,es,Jajajajaja como lo vas a sacar a acu√±a tarado,acoso
266,twitter,es,"Si sos un cagon, pelotudo , te gana acu√±a, tarado de mierd",acoso
267,twitter,es,"Tarado eres, SALISTE COMO TU HERMANO... IDIOTA Y CORRUPTO.",acoso
268,twitter,es,"‚Ä¢Est√∫pido 
‚Ä¢Imb√©cil 
‚Ä¢Tarado 
‚Ä¢Idiota 
‚Ä¢Huev√≥n 
‚Ä¢Acu√±a",acoso
269,twitter,es,puro huevones de mierda en el congreso,acoso
270,twitter,es,"#LO√öLTIMO Police cars revolving light El 58% de los lime√±os no ir√≠a a la playa este verano a√∫n si estuviera permitido, seg√∫n Ipsos. https://rpp.pe/p/1300465",noAcoso
271,twitter,es,"@NazzaSosa
we, pero antes era acu√±a tarado.",acoso
272,twitter,es,"C√©sar Acu√±a es un tarado, brother.",acoso
273,twitter,es,Y que sos fan del huevo acu√±a tarado?,acoso
274,twitter,es,"Raza, hay una sola en el Planeta Tierra, es la HUMANA..!!! Pareces un tarado como C√©sar Acu√±a...!!!",acoso
275,twitter,es,Por imbecil y tarado Cesar Acu√±a nunca m√°s le den micro,acoso
276,twitter,es,"""No necesariamente los candidatos que hoy no est√°n tocados por el caso #LavaJato -Julio Guzm√°n, Alfredo Barnechea, C√©sar Acu√±a, Gregorio Santos, Ver√≥nika Mendoza- se van a beneficiar en las pr√≥ximas elecciones generales..."" [#OPINI√ìN] http://bit.ly/2j1wsCo",noAcoso
277,twitter,es,"Impresentable el congresista #FernandoMelendez ¬´Si se fueron 15 constitucionalista, vendr√°n mas, vamos a llamar a los j√≥venes egresados de las universidades¬ª. 
Me pregunto ¬øde qu√© Universidades?, ¬ølas Universidad de Bartra y Chehade?",noAcoso
278,twitter,es,"Mercedes es una oportunista y una traidora, vi√≥ una puerta a cumplirse su sue√±o y la tom√≥ de la manera m√°s vil y baja, pero solamente eres presidenta de un pa√≠s fantasma y tienes un congreso de ratas, te vas a hundir con toda esa mierda",acoso
279,twitter,es,"Polic√≠as triplehijueputas. 
Iv√°n Duque triplehijueputa, √Ålvaro Uribe setentahijueputa, derecha de mierda catrehijueputa. 
Congreso nido de ratas hijueputas, congresistas hijosdesuputamadre. 
Pa√≠s de mierda",acoso
280,twitter,es,@CesarAcunaP @LuisValdezF @MartinVizcarraC Que n√°useas ver a ese tipo vendido. Hip√≥crita,acoso
281,twitter,es,"me caga que todxs aqu√≠ digan ""no s√© por quien votar as√≠ que lo har√© en blanco"" osea que por santas webas pas√≥ todo, por las puras te ""alegraste"" con el cierre del congreso y vas a seguir beneficiando a ratas de mierda, toma unos minutos investigar a cada partido, no sean giles",acoso
282,twitter,es,"DI-SOL-VER. 
Repito: 
DI-SOL-VER.",noAcoso
283,twitter,es,SE SOLICITA ADELANTO ELECCIONES PRESIDENCIALES Y CONGRESO FUERA RATAS DE MIERDA!!,acoso
284,twitter,es,"EN VIVO| Jefe de Estado 
@MartinVizcarraC 
: ""Felicito a la I.E. Clara Cogorno porque ante nuestra visita inopinada, hemos comprobado que hay un plan de evacuaci√≥n"" #ConectadosContigo",noAcoso
285,twitter,es,"Que tanta huevada con la cucaracha de dominos, a nadie veo joder tanto por las ratas en el CONGRESO DE MIERDA",acoso
286,twitter,es,"Como mierda se siguen votando leyes propuestas por un presidente con 6% de aprobaci√≥n, dejen de comportarse como ratas congreso de mierda para quien est√°n gobernando????#RenunciaPi√±era",acoso
287,twitter,es,Aqu√≠ est√° el video tan esperado. Los 136 representantes a la c√°mara que dijeron NO a la moci√≥n de censura contra el Ministro de Defensa Carlos Holmes Trujillo. Tarde m√°s de 5 horas haci√©ndolo pero valdr√° la pena si usted lo descargue y lo comparte entre sus contactos. No olvidar.,noAcoso
288,twitter,es,"Seg√∫n encuesta realizada por el IEP, publicada en diario LR, Forsyth lidera preferencias con 23% de intenci√≥n de voto. Le siguen V Mendoza con 9,1%, Keiko Fujimori con 8% y Urresti con 7,3%. Por los m√°rgenes de error, habr√≠a empate t√©cnico en segundo lugar. Qu√© tal?",noAcoso
289,twitter,es,"Keiko y Forsyth viven en los medios de comunicaci√≥n 
La Cale est√° entre Urresti y Vero",noAcoso
290,twitter,es,"Que rico desayuno vamos a tomar los que queremos tener un #Per√∫ sin desigualdades 
Les informo que 
@Vero_Mendoza_F 
va segunda en la encuesta de 
@IEPeruanos 
con 9,1% sobre Keiko y Urresti y va camino a ser la primera mujer Presidenta el 2021 
Provecho con el desayuno",noAcoso
291,twitter,es,"El 
@partidomorado 
con otro l√≠der seguro hubiera arrastrado con la gente que ahora tiene Forsyth, Urresti, algunos sectores de izquierda, y los de Salvador que divagan indecisos; pero NO el egocentrismo, egoismo y ancias de poder del sr JG pudo m√°s y generaron esas divisiones.",noAcoso
292,twitter,es,cloaca de mierda congreso basura,acoso
293,twitter,es,cloaca de puras ratas ojala se mueran,acoso
294,twitter,es,"Pues si hay mucha gente. Y no son los ignorantes los que votar√°n por Keiko como siempre hacen creer. Esos votar√°n por Forsyth, Urresti o por la Terronika Orange heartTangerine",acoso
295,twitter,es,"Bajo esa premisa Urresti es un asesino de periodistas y violador. Debiste haberlo dicho antes.... 
Quote Tweet",acoso
296,twitter,es,"Mi pregunta es, Como lleg√≥ a ser general este se√±or?",noAcoso
297,twitter,es,Con generales como √©ste... Urresti...Donayre.....Mor√°n.......perdemos cualquier guerra.....,noAcoso
298,twitter,es,"@CesarAcunaP @Peru_APP Sinverg√ºenza
No vas a ser Presidente nunca!!",acoso
299,twitter,es,"Increible, me hicieron votar por Forzay y solo porque no s√© sabe nada de √©l, salvo que le gusta figuretear. 

Vero desestabiliar√≠a el pa√≠s pero con buenas intenciones, Urresti lo har√≠a por populista y Keiko nos regresar√≠a a un autoritarismo conservador. 

No hay mucho que pensar.",noAcoso
300,twitter,es,"La Comisi√≥n de Relaciones Exteriores del Congreso, luego de analizarla por meses, envi√≥ al archivo la propuesta del gobierno de ratificar el Acuerdo de Escazu. Se impuso la defensa de la soberan√≠a del Per√∫ frente a los intereses de poderes f√°cticos internacionales.",noAcoso
301,twitter,es,hijo de perra no mereces vivir de la politica ctm x2,acoso
302,twitter,es,Comisi√≥n OCDE del Congreso realizar√° seminario sobre posible ingreso de Per√∫ https://bit.ly/2HC6XXK,noAcoso
303,twitter,es,"El expresidente del Congreso y otrora miembro de Fuerza Popular, Daniel Salaverry, inscribi√≥ su precandidatura presidencial. Esta vez lo hizo por las filas de Somos Per√∫. https://guik.pe/2020/10/25/salaverry-inscribe-candidatura-presidencial/",noAcoso
304,twitter,es,"‚ÄúEs necesario descartar las insinuaciones de vacancia express. Nosotros venimos actuando de acuerdo al Reglamento del Congreso y a la Constituci√≥n Pol√≠tica, eso tiene que quedar claramente establecido‚Äù, Merino De Lama.",noAcoso
305,twitter,es,"CONTRATADO - ¬°Bascu√±an al Congreso! - Oye, est√°s loco... Ese es un ENEMIGO DEL PER√ö, UN DELINCUENTE, UN HDP, SE VENDI√ì AL MEJOR POSTOR.................. PTM... Pens√°ndolo bien tienes raz√≥n, re√∫ne todos los requisit",acoso
306,twitter,es,hdp,acoso
307,twitter,es,"Vizcarra se burla del Congreso y de sus atribuciones constitucionales, esto es, Vizcarra se burla de todo el pueblo peruano, del Per√∫ entero! ¬°El Congreso no debe seguir tolerando estas burlas! ¬°Act√∫a Congreso como te lo manda la Constituci√≥n y el pueblo peruano! ¬°Ya basta!",noAcoso
308,twitter,es,"El Congreso Economico Nacional, propuesta APRISTA que se mantiene vigente. Un tema que todo aquel que este intersado en la economia del Peru debe conocer. 
https://goo.gl/53rcyy",noAcoso
309,twitter,es,dejense de huevadas anormales,acoso
310,twitter,es,"Lo que debe ser el lobby de las c√°maras de alimentos en los pasillos virtuales del Congreso. Ojal√° los representantes voten para los ciudadanos y no en pos de sus intereses econ√≥micos. 
La ley de etiquetado ya existe en Chile, Uruguay, Per√∫, Ecuador y M√©xico.",noAcoso
311,twitter,es,"@MerinoDeLama
cumpliendo √≥rdenes del homicida, al pie de la letra? ""Una actividad podr√≠a ser colocar una guardia reservista simb√≥lica para que salga en una foto dando seguridad al Congreso"" 
@CCFFAA_PERU
, 
@MindefPeru
este hecho merece una explicaci√≥n a la ciudadan√≠a.",noAcoso
312,twitter,es,callate hijo d perra no mereces vivir de nosotros,acoso
313,twitter,es,"Emisario de Soros presionando a Gorriti y a viscarra?Congreso postergando vacancia hasta Noviembre? Que esta pasando? 
@realDonaldTrump 
arrasa el 03 Nov y traza el nuevo rumbo mundial del bien y el fin del mal. Incluye Peru por supuesto.",noAcoso
314,twitter,es,"Brown circle Reuni√≥n con dirigentes del Frente de Trabajadores Estatales que promueven la derogatoria de los DU 014 y 016 

Scroll PLENO DEL CONGRESO 

Japanese symbol for beginnerSe aprob√≥ el PL que reconoce los t√≠tulos y grados con nivel Universitario del Instituto Cientifico y Tecnol√≥gico del Ej√©rcito del Per√∫",noAcoso
315,twitter,es,"COMO SEA BUSCAN QUE SEA INVESTIGADO Y VACADO.. CASUALIDADES? LOS DELINCUENTES DE MIERDA DEL CONGRESO MERINO Y ALARC√ìN, COMO SEA QUIEREN PERMANECER EL PODER. LES IMPORTA UN PEPINO SI EL PER√ö SE VA A LA MIERDA, ELLOS QUIEREN COMO SEA SALIR LIBRES DE POLVO Y PAJA..",acoso
316,twitter,es,"Olvidaba mencionar q Rodr√≠guez Pastor es due√±o tambi√©n d Innova Schools, Universidad Tecnol√≥gica del Per√∫, Real Plaza, Promart, Oechsle, y otras m√°s q te vuelven millonario de solo escucharlas. 
El tipo domina el mercado en todos los frentes y no dona ni una mascarilla, depredador",noAcoso
317,twitter,es,"As√≠ que quien manda en el Congreso de la Rep√∫blica del Per√∫ es el se√±orito Antauro Humala. Que bueno saberlo. Sugiero a los congresistas de este peri√≥do breve, oficializar ese liderazgo para tranquilidad de una asqueada ciudadan√≠a ¬ølo har√°n? ¬øSr. Chehade, usted que es tan veloz?",noAcoso
318,twitter,es,‚òùCongreso del #Per√∫ inicia debate para que trabajadores puedan retirar el 100% de sus fondos ahorrados en las AFP.,noAcoso
319,twitter,es,es una celda vacia,noAcoso
320,twitter,es,que te tire un burro,acoso
321,twitter,es,"Lamentablemente la historia del Per√∫ y la historia de este Congreso en particular est√° plagada de inconstitucionalidades. 
Si se bajaron los contratos de peajes por ley, ¬øcree que no har√°n lo mismo con sus fondos?",noAcoso
322,twitter,es,"Per√∫ libre de transg√©nicos por 15 a√±os m√°s!!! El congreso peruano acaba de aprobar la extensi√≥n de la moratoria a los cultivos GM por impresionante mayor√≠a de 104 votos a favor y 7 abstenciones, 0 en contra, como resultado del trabajo de las organizaciones peruanas.",noAcoso
323,twitter,es,"Por amplia mayor√≠a, la Comisi√≥n de Relaciones Exteriores del Congreso le dijo ""no"" al Acuerdo de Escaz√∫, que pon√≠a en riesgo la soberan√≠a del Per√∫ sobre la Amazon√≠a.",noAcoso
324,twitter,es,@CesarAcunaP @BancadaAPP @Peru_APP Felicitaciones Congresista Carmen Omonte digna representante en kaz filas de APP üí™üáµüá™,noAcoso
325,twitter,es,@CesarAcunaP @BancadaAPP @Peru_APP TRABAJAR como COJUDOS para que llegues a la presidencia. Tu SUE√ëO de toda la vid‚Ä¶ https://t.co/2kcuGgmiGC,acoso
326,twitter,es,@CesarAcunaP @Peru_APP @BancadaAPP YA SABES LO QUE ES UN INGENIERO QUIMICO?????ü§îü§îü§îü§î,noAcoso
327,twitter,es,@CesarAcunaP @StevenCaldern9 @BancadaAPP @Peru_APP Como se nota que no escribe sus tweets. No hay ninguna similitud‚Ä¶ https://t.co/oJ336Eg3rY,noAcoso
328,twitter,es,"@CesarAcunaP @BancadaAPP @Peru_APP Ing. Acu√±a, agenda agenda , sin entreguismo y valorando nuestro pasado milenario‚Ä¶ https://t.co/qcdnOPrIpu",noAcoso
329,twitter,es,"@CesarAcunaP @MartinVizcarraC Ese muerto de Presidente, ya no est√° vivo, sino que ya est√° putrefacto en corrupci√≥n.‚Ä¶ https://t.co/7GTBf8zZVd",acoso
330,twitter,es,"@CesarAcunaP T√∫ que no sabes ni hablar, vas a sugerir medidas de reactivaci√≥n econ√≥mica???!!! QUE BUEN CHISTE!!!! https://t.co/6dgPd9PR53",noAcoso
331,twitter,es,@CesarAcunaP @CarmenOmonte @BancadaAPP @Peru_APP Este partido lleva a puro desalojados de otros partidos fracasados.,noAcoso
332,twitter,es,@CesarAcunaP @StevenCaldern9 @BancadaAPP @Peru_APP Jamas un pigmeo que con plata maneja a su gente porque de inteli‚Ä¶ https://t.co/daDcJgJJXd,acoso
333,twitter,es,"@CesarAcunaP @MartinVizcarraC #Raro. El an√°lisis de las propuestas se hace antes, no despu√©s de entregarlas.
Tal ve‚Ä¶ https://t.co/jhQe8r3tOU",noAcoso
334,twitter,es,"@CesarAcunaP @MartinVizcarraC De qu√© reactivaci√≥n econ√≥mica hablas, lo √∫nico que te gusta a ti es reactivar tu bolsillo.",noAcoso
335,twitter,es,@CesarAcunaP @Peru_APP @BancadaAPP No pudieron hacerlo de manera virtual? El aislamiento es una cuesti√≥n de responsabilidad,noAcoso
336,twitter,es,"@CesarAcunaP @BancadaAPP @Peru_APP Felicitaciones y a seguir luchando, por los que menos tienen.",noAcoso
337,twitter,es,@CesarAcunaP @CarmenOmonte @BancadaAPP @Peru_APP Espero que su primer acuerdo sea pensar en el pueblo y no apoyar u‚Ä¶ https://t.co/nFfaR0wuFV,noAcoso
338,twitter,es,@CesarAcunaP https://t.co/Twek8psZu3,noAcoso
339,twitter,es,"@CesarAcunaP @BancadaAPP @Peru_APP De nada te sirve tener tanto dinero e invertir en cosas c√≥mo est√°, al final los‚Ä¶ https://t.co/dnWCexPjr9",noAcoso
340,twitter,es,@CesarAcunaP @BancadaAPP @Peru_APP Por qu√© no le ordenas que trabajen tus autoridades pistas hospitales de campa√±a‚Ä¶ https://t.co/67e4pAHGZS,noAcoso
341,twitter,es,@CesarAcunaP @CarmenOmonte @BancadaAPP @Peru_APP #CongresoNoTeRobesMiAfp si siguen con esa reforma que solo da√±a al‚Ä¶ https://t.co/zGOYwQ1DXl,noAcoso
342,twitter,es,"@CesarAcunaP @BancadaAPP @Peru_APP Y hasta cuando piensan seguir con el lobby en la provincia de Ascope, dejando qu‚Ä¶ https://t.co/QU3OG85aK2",noAcoso
343,twitter,es,"@CesarAcunaP @BancadaAPP @Peru_APP por ""accionar politico"" significa vacancia ?",noAcoso
344,twitter,es,@CesarAcunaP @CarmenOmonte @BancadaAPP @Peru_APP A ver si se desahuevan y acuerdan apoyar el retiro del 100 % de la‚Ä¶ https://t.co/j3PQ1Dg49i,acoso
345,twitter,es,@CesarAcunaP @CarmenOmonte @BancadaAPP @Peru_APP Enano cachudo,acoso
346,twitter,es,"@CesarAcunaP @PerezJhosept @BancadaAPP @Peru_APP Este 31 OCTUBRE primero AFP ..LUEGO VACANCIA, ya hemos esperado mu‚Ä¶ https://t.co/eGFBbJK2s8",noAcoso
347,twitter,es,@CesarAcunaP @BancadaAPP @Peru_APP Excelente amigo presidente / un abrazo Loretano,noAcoso
348,twitter,es,@CesarAcunaP @LuisValdezF @BancadaAPP @Peru_APP Ya el pa√≠s dijo NO a la bicameralidad que es una reelecci√≥n encubi‚Ä¶ https://t.co/LpbgwtDu0t,noAcoso
349,twitter,es,@CesarAcunaP @BancadaAPP @Peru_APP &gt; Por guuusto...no vas a ganar.,acoso
350,twitter,es,@CesarAcunaP @BancadaAPP @Peru_APP Florencia es un desastre!!!! De que habla sr.,acoso
351,twitter,es,"@CesarAcunaP Dr. Acu√±a.
Obtuve mi licenciatura en educaci√≥n y maestr√≠a en UCV de Trujillo. Vengo laborando m√°s de 2‚Ä¶ https://t.co/R8Ul2my3Nx",noAcoso
352,twitter,es,"@CesarAcunaP @podemos_peru Claro si casi son como hermanos de una de las universidades mas mediocres del pais, com‚Ä¶ https://t.co/4YvInssvAc",acoso
353,twitter,es,@CesarAcunaP https://t.co/BtpEXrFEhU,noAcoso
354,twitter,es,@CesarAcunaP fue sindicado por Matilde Pinchi Pinchi en el 2001 como topo de Montesinos en el Congreso...aqu√≠ el en‚Ä¶ https://t.co/PRwHjmKBXu,noAcoso
355,twitter,es,@CesarAcunaP @podemos_peru https://t.co/yPVRP3lpgw,noAcoso
356,twitter,es,@CesarAcunaP @podemos_peru https://t.co/caWx6N1NKq,noAcoso
357,twitter,es,"@CesarAcunaP @mediosperuanos @podemos_peru Los peruanos esperan que usted se recupere muy pronto de sus ""enredos em‚Ä¶ https://t.co/s23sNpLZzs",noAcoso
358,twitter,es,@CesarAcunaP @podemos_peru Oe incapaz de mm no sabes ni leer ers una escoria,acoso
359,twitter,es,"@CesarAcunaP @podemos_peru ""solidaridad"" con cacha. M√°s seriedad.",noAcoso
360,twitter,es,"RT @MarisolEspinoz_: Dentro de la tasa de emprendimiento por pa√≠s, nos encontramos en el puesto N¬∞4 de la tabla de oportunidad femenina; te‚Ä¶",noAcoso
361,twitter,es,@CesarAcunaP @CarmenOmonte @Peru_APP Se√±or @CesarAcunaP me podr√≠a decir que es pandemia? Eficiencia y eficacia? Para comenzar a dialogar...,noAcoso
362,twitter,es,@CesarAcunaP @BancadaAPP @Peru_APP Ya esta armado el toldo del circo. ü§°ü§°ü§°ü§°ü§°,noAcoso
363,twitter,es,"@CesarAcunaP @BancadaAPP @Peru_APP Todo pol√≠tico se alista con sus mejores armas para llegar al poder, pero, que hi‚Ä¶ https://t.co/RjiXGg2EQP",noAcoso
364,twitter,es,"@CesarAcunaP @FredyCondor4 @ppc_peru Usted fue elegido para defender los derechos del pueblo, no tenemos trabajo, n‚Ä¶ https://t.co/d8o9j32gED",noAcoso
365,twitter,es,@CesarAcunaP @BancadaAPP @Peru_APP Y los van plagiar de d√≥nde o de qui√©n exactamente?,noAcoso
366,twitter,es,@CesarAcunaP @BancadaAPP @Peru_APP Entonces se sobreentiende que la barbaridad que hace la Comision Omonte es avala‚Ä¶ https://t.co/Hw6Lyyaz39,noAcoso
367,twitter,es,@CesarAcunaP @Peru_APP ANDA Qu√© Te ca.............E un üê¥ chato corrupto jam√°s ser√°s presidente,acoso
368,twitter,es,@CesarAcunaP @BancadaAPP @Peru_APP Solo ten presente en todos lo millones de exaportantes y aportantes de las afps‚Ä¶ https://t.co/lpV88mtHo5,noAcoso
369,twitter,es,"ya cansate rctm, RCTM",acoso
370,twitter,es,"En realidad es el mal menor, hasta ahora esta limpio en comparaci√≥n a los demas",noAcoso
371,twitter,es,"DOBLE MORAL CAVIAR Ning√∫n rojete ha denunciado ni criticado el abuso y acoso a secretaria de ONG roja Transparencia, por parte de Gerardo T√°vara. ¬°Ah claro! es que es de la manchita caviar... de esos que apoyan el Golpe de Estado y la Dictadura de Vizcarra. #Hipocres√≠aRoja",acoso
372,twitter,es,Tambi√©n votar√© por Fuerza Popular como mensaje de respaldo ante el acoso de la alianza Vizcarra-MP-Prensa.,noAcoso
373,twitter,es,que te folle un burro,acoso
374,twitter,es,eres una mrda de persona,acoso
375,twitter,es,"A ‚ÄúForzay‚Äù lo est√°n inflando. Adem√°s, ya sabes lo que dicen: corrida de caballo, parada de burro.",acoso
376,twitter,es,La Nueva Constituci√≥n de Forzay del 2021,noAcoso
377,twitter,es,"imbesil, asno, burro, idiota",acoso
378,twitter,es,"Juega en pared La Rep√∫blica con El Comercio. son medios de la misma concentraci√≥n. El 1ero. ataca a Vizcarra y el 2do. muestra a "" Forzay"" como primer puesto. 
""Moraleja"": El Per√∫ aunq d mal en peor y camino al descalabro, con la Derecha, tiene que seguir por la misma senda.",noAcoso
379,twitter,es,"vete a la mierde, ya mismo",acoso
380,twitter,es,"Que miedo, quiera dios que el pueblo despierte y vea que no todo est√° perdido, ni caiga en el cuento del mal menor",noAcoso
381,twitter,es,Buscan su titere...d mrda,acoso
382,twitter,es,"Mientras siga de presidente no pueden procesarlo ni condenarlo, cuando deje el cargo esta su fiel amiga la Fiscal de la Nacion tiene derecho de antejuicio y luego buscar√° impunidad con sucesor en palacio",noAcoso
383,twitter,es,HOY: en mi calumnia dominical: ¬øqu√© le espera al pr√≥ximo presidente del Per√∫? parece temprano para vislumbrarlo pero ya tenemos presente UN elemento que apunta a que la historia se repetir√°... y tambi√©n una forma de evitarlo.,noAcoso
384,twitter,es,"Ya saben qui√©n est√† en la vicepresidencia de Forzay? En caso gane las elecciones y renuncie o lo vaquen por incapacidad, quedar√≠a Sonaly Tuesta,la hermana de Glatzer Tuesta del IDL,de presidenta. 
Conclusi√≥n, gobernar√° Gorriti twitter.com/CharitoABC/sta‚Ä¶",noAcoso
385,twitter,es,ya cansate ctm,acoso
386,twitter,es,"AJJAJA ese forzay va hablar ahora del ""racismo inverso"" xd",noAcoso
387,twitter,es,que mierda tienes en la cabeza basura,acoso
388,twitter,es,si te crees la gran cosa es por que eres un imbesil de mierda,acoso
389,twitter,es,"En nombre del Gobierno peruano, felicito a @LuchoXBolivia por su elecci√≥n como presidente de Bolivia y le deseo √©xi‚Ä¶ https://t.co/LlViQFkoqc",noAcoso
390,twitter,es,RT @OrihuelaTam: @MartinVizcarraC CORRUPTO DE M,acoso
391,twitter,es,"@MartinVizcarraC ERA Y ES EL LIDER DE LA CORRUPCI√ìN.
#VizcarraCoimero RECIBI√ì 1300 millones y el intermediario er‚Ä¶ https://t.co/ISWtIeKpJ2",acoso
392,twitter,es,"RT @Marcos67462936: @MartinVizcarraC se hace la pichi jam√°s en la vida ir√° al programa del s√°belon, es que en su cabecita el sabe que ‚Äúno‚Ä¶",noAcoso
393,twitter,es,RT @kguillenp03: @MartinVizcarraC invitaci√≥n pendiente.,noAcoso
394,twitter,es,"RT @Urano55: @MartinVizcarraC 
No seas cobarde, #Tribil√≠n.",noAcoso
395,twitter,es,"@MartinVizcarraC 
No seas cobarde, #Tribil√≠n. https://t.co/vsxoKCyqdO",acoso
396,twitter,es,@MartinVizcarraC CORRUPTO DE M https://t.co/mbE6UOu8l9,acoso
397,twitter,es,"@MartinVizcarraC Presidente buena tardes, con el respeto del todo solo comentarle que los vecinos de Ciudad sat√©lit‚Ä¶ https://t.co/0CiQGoDxlh",noAcoso
398,twitter,es,@MartinVizcarraC @WalterMartosR @arzlima @JBCPERU @rlopezaliaga1 @reyreysincorona @KikeBravoPrado @CharitoABC‚Ä¶ https://t.co/0sPMMGy2Dp,noAcoso
399,twitter,es,"@MartinVizcarraC hola presi, soy yo otra vez
https://t.co/9SDLI2x8hM",noAcoso
400,twitter,es,"@MartinVizcarraC dice que @AccionPopular son unos golpistas y se ofenden, si es verdad, all√≠ est√°n las pruebas https://t.co/sBg2aTsc0A",noAcoso
401,twitter,es,"@MartinVizcarraC ,solo hay playas para quienes pueden pagarlas y para los pobre, lo peor? https://t.co/oC6FMQyGzS",noAcoso
402,twitter,es,@MartinVizcarraC mira...no siempre tendr√°s diviac... poder...tu observas la ley AFP...y no habr√° lugar en el mundo.‚Ä¶ https://t.co/JeZ10CGkNm,noAcoso
403,twitter,es,"@MartinVizcarraC presidente cuando van a desembolsar a los del sis estamos esperando hace m√°s de un a√±o ,no es posi‚Ä¶ https://t.co/DfzBRgMxtx",noAcoso
404,twitter,es,@MartinVizcarraC @PoliciaPeru Cuiden a los ciudadanos de la delincuencia! Por qu√© maltratar a los polic√≠as de esa m‚Ä¶ https://t.co/o89uKMpm1N,noAcoso
405,twitter,es,@MartinVizcarraC @MTC_GobPeru @MuniLima continuaci√≥n de la autopista Ramiro priale. Los vecinos de la zona estamos‚Ä¶ https://t.co/MPoN9A45pj,noAcoso
406,twitter,es,"@MartinVizcarraC se hace la pichi jam√°s en la vida ir√° al programa del s√°belon, es que en su cabecita el sabe que‚Ä¶ https://t.co/MbI44oyvZF",acoso
407,twitter,es,@MartinVizcarraC invitaci√≥n pendiente. https://t.co/po3fvcnvnK,noAcoso
408,twitter,es,@MartinVizcarraC Presidente POR FAVOR URGENTE CAMPA√ëA EN LOS MEDIOS Y REDES SOCIALES CONTRA EL ABUSO Y VIOLACION Se‚Ä¶ https://t.co/ZsmhnFRFAN,noAcoso
409,twitter,es,"@MartinVizcarraC 
Pasa en Holanda üá≥üá±, ojala q los dem√°s pa√≠ses hagan lo mismo 
M√©dicos por la Verdad üá™üá∏üá¶üá∑ üá©üá™ üá≤üáΩ üáÆüáπ‚Ä¶ https://t.co/osUcTqfLkU",noAcoso
410,twitter,es,"@MartinVizcarraC @LuchoXBolivia Usted fue elegido para defender los derechos del pueblo, no tenemos trabajo, necesi‚Ä¶ https://t.co/R1qlGxKYI5",noAcoso
411,twitter,es,@MartinVizcarraC eres un coimero! Solo eso! Eres un √≠dolo para los mafiosos como t√∫. Qu√© bueno que sirvas para iden‚Ä¶ https://t.co/YOkwLdTfah,acoso
412,twitter,es,"RT @GladysVallVal: @MartinVizcarraC 
@FiscaliaPeru - Z.Avalos https://t.co/4L2SokSyR7",noAcoso
413,twitter,es,"@MartinVizcarraC @pcmperu @MininterPeru @PoliciaPeru Sres. con todo respeto, han hecho alguna tregua con la delincu‚Ä¶ https://t.co/Fw0FI7wK8g",noAcoso
414,twitter,es,RT @jota_ce_pe: @MartinVizcarraC @ToniAlvaL @Defensoria_Peru @MimpPeru https://t.co/OeZw0PwdkI,noAcoso
415,twitter,es,RT @l_valle: @MartinVizcarraC Corrupto renuncie #VacanciaPresidencialYa https://t.co/N9eoYwSylj,acoso
416,twitter,es,"@MartinVizcarraC 
@FiscaliaPeru - Z.Avalos https://t.co/4L2SokSyR7",noAcoso
417,twitter,es,@MartinVizcarraC @ToniAlvaL @Defensoria_Peru @MimpPeru https://t.co/OeZw0PwdkI,noAcoso
418,twitter,es,@MartinVizcarraC Corrupto renuncie #VacanciaPresidencialYa https://t.co/Af4lPZ5k0m https://t.co/N9eoYwSylj,acoso
419,twitter,es,@MartinVizcarraC https://t.co/88RqeT15Fg,noAcoso
420,twitter,es,@MartinVizcarraC @presidenciaperu @MinjusDH_Peru https://t.co/GHeP4qu1sg,noAcoso
421,twitter,es,@MartinVizcarraC viene del mundo de la CORRUPCI√ìN. Ya lo dijo la morsa RMP. https://t.co/oOmkhUPI5k,acoso
422,twitter,es,"@MartinVizcarraC Sr VIZCARRA. EN LOS SITIOS VULNERABLES COMO LA VICTORIA, EL AGUSTINO. LA FIESTA COVID SON UN PAN D‚Ä¶ https://t.co/CTBEDmA3do",noAcoso
423,twitter,es,@MartinVizcarraC no me diste ni un solo bono ü•∫üòì #fuckcovid,noAcoso
424,twitter,es,@MartinVizcarraC si tuvieras algo d verg√ºenza y no quieres q tu conciencia t llave d las narices donde debes estar‚Ä¶ https://t.co/wb9QAhZqyQ,noAcoso
425,twitter,es,@MartinVizcarraC Presidente cumple de las tablets,noAcoso
426,twitter,es,"@MartinVizcarraC ahy esta tu realidad 
Ya nadie te cree delincuente 
De nada sirve que salgas a cada rato dando con‚Ä¶ https://t.co/U8w53gD1hj",acoso
427,twitter,es,@MartinVizcarraC Ud. Desde el REJA en el a√±o 2018 no est√° de acuerdo que 2.7millones de peruanos en sobrevivencia‚Ä¶ https://t.co/vaP10armwe,noAcoso
428,twitter,es,@MartinVizcarraC https://t.co/caQYhb8Cbt,noAcoso
429,twitter,es,RT @Miguel4631Apola: @MartinVizcarraC Xq rechazas el dictamen Afp y mejor nos apoyas a millones d familias q tienen necesidades porq tu gob‚Ä¶,noAcoso
430,twitter,es,@MartinVizcarraC en que ola va de robo? Podra dejar bien a sus hijos pero el infierno lo vere bagar y no podra adve‚Ä¶ https://t.co/jRh8ZmNbFI,noAcoso
431,twitter,es,"RT @TinkuEditores: @MartinVizcarraC Hay evidencia producida por el propio Estado, organizaciones civiles y medios period√≠sticos que indican‚Ä¶",noAcoso
432,twitter,es,@MartinVizcarraC https://t.co/upl8U3xZ2w,noAcoso
433,twitter,es,"@MartinVizcarraC lo va a solucionar con m√°s bonos, no se preocupen. https://t.co/SDksmLjeQB",noAcoso
434,twitter,es,@MartinVizcarraC @LuchoXBolivia Como es posible que el estado quiere adue√±arse de los fondos de Afp de todos nosotr‚Ä¶ https://t.co/Nvlbk97QE4,noAcoso
435,twitter,es,@MartinVizcarraC @LuchoXBolivia Canad√° le.espera!!!! Puede alistar sus maletas,noAcoso
436,twitter,es,"@MartinVizcarraC es capaz de cerrar todos los accesos al Centro de Lima, con la ayuda de @JorgeMunozPe , que no ha‚Ä¶ https://t.co/jvGoTYUrBs",noAcoso
437,twitter,es,"@MartinVizcarraC 

A VER SI TERMINAN ENTENDIENDO!??? https://t.co/YZ0uev5Xmu",noAcoso
438,twitter,es,"@MartinVizcarraC 
Por favor,d√≠ganos... 
Estamos en las garras del psic√≥pata de BILLGATES!?
ESTA plandemia se esta c‚Ä¶ https://t.co/yvqDiDyrmt",acoso
439,twitter,es,@MartinVizcarraC Querido presidente para el mes de diciembre seria perfecto para que cancele los viajes dentro de P‚Ä¶ https://t.co/qukVSSIhHL,noAcoso
440,twitter,es,"@MartinVizcarraC, para el mes de diciembre ser√≠a magn√≠fico que diera la orden para cancelar los viajes dentro del p‚Ä¶ https://t.co/RovBe4aiT9",noAcoso
441,twitter,es,@MartinVizcarraC QUE HORRIBLE DEBE SER UN PRESIDENTE TAN REPUDIADO. DORMIR√Å EN PAZ POR LAS NOCHES SABIENDO QUE DEJA‚Ä¶ https://t.co/wzgHuPniWk,acoso
442,twitter,es,"RT @Patty_Barrantes: @MartinVizcarraC ya nos hundio, estamos pobres, desempleados, jodidos y encima con inmunidad de reba√±o porque el cdsm‚Ä¶",noAcoso
443,twitter,es,RT @mercede56704720: @MartinVizcarraC https://t.co/dadFwiyy0I,noAcoso
444,twitter,es,"@MartinVizcarraC : [Augusto Thorndike] ""Un periodista insolente y malcriado"". Se√±or Presidente, ese ""periodista de‚Ä¶ https://t.co/Mr835qJE8G",acoso
445,twitter,es,@MartinVizcarraC #lince #peru https://t.co/q5jEppJSCs,noAcoso
446,twitter,es,@MartinVizcarraC pelea con los trabajadores de @Cuarto_Poder (Thorndike) pero a los due√±os de @Cuarto_Poder y el MO‚Ä¶ https://t.co/ViSk4gL5hG,noAcoso
447,twitter,es,@MartinVizcarraC MI HIT RITMO DE AMOR APOYA A DONALD TRUMP Y NO A LA VACANCIA DE PDTE MART√çN VIZCARRA EL CORO NO A‚Ä¶ https://t.co/VUC2zY8gu6,noAcoso
448,twitter,es,@MartinVizcarraC Xq rechazas el dictamen Afp y mejor nos apoyas a millones d familias q tienen necesidades porq tu‚Ä¶ https://t.co/gofScdhvou,noAcoso
449,twitter,es,"RT @RossaFlor1: @MartinVizcarraC va por este camino, ojal√° nunca se desv√≠e. Merecemos pol√≠ticos como Jos√© Mujica, que piense en las nuevas‚Ä¶",noAcoso
450,twitter,es,"@MartinVizcarraC Es ni√±os solamente, d√©jese de progresismo y inclusivismo barato.",noAcoso
451,twitter,es,@MartinVizcarraC Ya reactivaste al sector empresarial con MILLONES con REACTIVA PER√ö y SUSPENSION PERFECTA AHORA Re‚Ä¶ https://t.co/Nx4GBrugnw,noAcoso
452,twitter,es,"@MartinVizcarraC, @elcomercio_peru @larepublica_pe Los consulados peruanos parecen escriban√≠as, los empleados act√∫a‚Ä¶ https://t.co/OOh8jpwELq",noAcoso
453,twitter,es,"@MartinVizcarraC Si? Entonces haz algo en vez de salir en la televisi√≥n a hacer el puto rid√≠culo burro de mierda , que te parece si‚Ä¶ https://t.co/wyVAniRbNA",acoso
454,twitter,es,@MartinVizcarraC @LuchoXBolivia Y hasta hubo mensaje del presidente @MartinVizcarraC https://t.co/8rYuvdiPSK,noAcoso
455,twitter,es,"@MartinVizcarraC va por este camino, ojal√° nunca se desv√≠e. Merecemos pol√≠ticos como Jos√© Mujica, que piense en la‚Ä¶ https://t.co/UF7FbSSsao",noAcoso
456,twitter,es,@MartinVizcarraC tiene la bancada m√°s grande del mundo üòäüòäüòäüòä https://t.co/CvGXr2Kdnb,noAcoso
457,twitter,es,Una productiva reuni√≥n que refuerza nuestra relaci√≥n bilateral y la cooperaci√≥n de nuestros pa√≠ses en temas tan imp‚Ä¶ https://t.co/XGx3q3nkRS,noAcoso
458,twitter,es,"@MartinVizcarraC aceptar√° INVITACION de @PBOPeru ......
√≥ ¬øse cag... de miedo? https://t.co/Hnl7eOOuQB",acoso
459,twitter,es,callate RCTM,acoso
460,twitter,es,dejen de venderse hijos d perr,acoso
461,twitter,es,huevon de mierda presindete hdp,acoso
462,twitter,es,que te cachen,acoso
463,twitter,es,"Otros dos extractos de la entrevista que le hice a 
@George_Forsyth 
en mayo del 2019 para 
@ensustrece 
. 
El candidato presidencial que lidera las encuestas no sab√≠a el presupuesto de su municipio ni el nivel de ejecuci√≥n. 
Lean las respuestas literales que me dio Forsyth:",noAcoso
464,twitter,es,Yonhy Lescano: ‚ÄúS√≠ hubo la intenci√≥n de algunos parlamentarios de postergar las elecciones‚Äù,noAcoso
465,twitter,es,Yonhy Lescano: ‚ÄúEn Acci√≥n Popular hay quienes se creen due√±os del partido‚Äù,noAcoso
466,twitter,es,Yonhy Lescano: ‚ÄúUna vacancia ser√≠a altamente peligroso para el tr√°nsito democr√°tico‚Äù,noAcoso
467,twitter,es,callate hija de perra,acoso
468,twitter,es,busquemos mejores politcos,noAcoso
469,twitter,es,#URGENTE | Acci√≥n Popular denunci√≥ ante el Jurado Nacional de Elecciones a Mart√≠n Vizcarra,noAcoso
470,twitter,es,"Mi abuelo me ense√±√≥ la doctrina de Acci√≥n Popular.. Fui personero en la d√©cada de los 90.. Y tenia respeto por esa agrupaci√≥n. 
Hoy siento verg√ºenza ajena al ver como tipejos de mala leche hunden un partido con principios. 

Son de lo peor y creen que est√°n haciendo bien las cosas",noAcoso
471,twitter,es,"George Forsyth: denunciado por violencia psicol√≥gica contra su esposa. 

Daniel Urresti: denunciado por violaci√≥n sexual. 

""Encabezan"" las encuestas y ya son pre-candidatos a la Presidencia.",acoso
472,twitter,es,violadores de meirda,acoso
473,twitter,es,ers un desgraciado de mierda,acoso
474,twitter,es,De a poquitos los precandidatos van revelando su amor por las AFP. ¬°Hasta quieren que con la plata de los afiliados‚Ä¶ https://t.co/4Z6JKUrcl5,noAcoso